M1000;Watch the first video on our YouTube;739002
M1001;Highlights from the AMA;5
M1002;What the TON is?;548719
M2000;TapSwap Education;
M1003;TapSwap Education: Bitcoin and Altcoin;030072
M1004;Watch daily video;739551
M2001;5 Main Crypto Terms In 5 Minutes;2614907
M1005;The most famous cryptocurrency;D57U94
M2002;How Earn Money on CRYPTO;genesis
M1006;Drops and Rises;27F53K9
M2003;5 Ways to Make Money on Crypto;encryption
M2004;Get started in crypto!;TRIBALISM
M1007;Memes and Cryptocurrencies!;4D80N74
M2005;8 Warren Buffet rules;ABENOMICS
M1008;Fake news and Real news;G5D73H20
M1009;Cryptocurrency worldwide news;3PM71AK03X
M1009;Cryptocurrency worldwide news;delisting
M2006;Learn 10 New Crypto Terms;collateral
M1010;Top 10 Crypto Billionaires 2024;L6SE704V81
M2007;How Cryptocurrency Works;fibonacci
M1011;TapSwap: Curious Facts;F35K90V3
M2008;Get started in crypto!;liveness
M1012;Hot Crypto News;5J6OL847G7
M2009;The most DANGEROUS crypto scams;RANSOMWARE
M1013;How Bitcoin Mining Work;4K7U6E10G7
M2010;What are NFTs;tardigrade
M1014;TapSwap AMA internal;F9L34V5A
M2011;Elon Musk and Crypto ;unbanked
M1015;Financial Face-Off;D5784VHPC377
M2012;7 AI Tools That WILL Make You RICH;infinite
M1016;The Dark Side of Crypto;5SP670KR66
M2013;Crypto is not real money! ;parachain
M1017;Unlocking the Future;D772WQ9Z5
M2014;How to make money as a TEENAGER;instamine
M1018;USDT vs. USDC;7N008TQ31V
M2015;MAKE MONEY in crypto;WebSocket
M1019;Crypto Revolution;0TJN63R97A
M2016;The Best Crypto Portfolio;unstoppable
M1020;Top 15 Crypto News;3KKLF7JO5
M2017;Make 10x on Crypto;Onchain
M1021;Bitcion integration;547JL6AM7R
M2018;EARN ON AIRDROP;tendermint
M1022;Delicious Crypto news;Q7P9N3VD
M2019;10 Passive Income Ideas;renewable
M1023;Top 10 Bitcoin Whales;5G36SQ
M2020;Ethereum Will Be Worth $20,000;emission
M1024;Top 10 Bitcoin Whales part 2;27MZ
M1025;Secure Your Crypto;5WH71
M2021;How Blockchain ACTUALLY Work;marlowe
M1026;Secure Your Crypto Part 2;0P6E
M2022;Do This To Become A Millionaire in 2024;function
M1027;Secure Your Crypto;1T89G
M2023;How To Stay Productive;quantum
M1028;Secure Your Crypto Part 2;L3AE7
M2024;10 Websites To Earn Money;watchlist
M1029;Bitcoin halving;7JSZ7
M2025;If I Started From Scratch Again;farming
M2026;What CRYPTO To Buy With $500;hashgraph
M1030;Bitcoin halving | Part 2;YK797
M2027;Where To Start in Crypto;electrum
M2028;Earn $2000+ Watching Youtube;immutable
M1031;Crypto news!;1MH89S
M2029;Make $500 A Day;backlog
M1032;Crypto news Part 2;7L6PB
M2030;Make $5,000 per a Month;royalties
M1033;TON Ecosystem Alert;8NL6FW9
M2031;How To Farm 1 MILLION Coins In TapSwap;timelock
M2032;Crypto Bots are SCAMMING you!;inflation
M1034;Blockchain Secrets;2V3L5
M2033;You Will LOSE Your Money;rebalancing
M1035;Blockchain Secrets Part 2;9SX634
M2034;10 Websites That Will Pay You;keylogger
M1036;TapSwap Internal News;1T75S7
M2035;Get Paid +$750 EVERY 20 Minutes Online;scaling
M1037;Why Are People Going Crazy for NFTs?;2NV4Z
M2036;Earn Money For Listening To Music;raiden
M1038;Why Are People Going Crazy for NFTs? | Part 2;J9RO8
M2037;You Will LOSE Your Money - Don`t DO IT;nominators
M2038;How To Create Your OWN COIN?;payout
M1039;Bitcoin Update: Mt. Gox Payouts;PD9S6HN81M
M2039;How To Make Money on STOCKS;fakeout
M1040;Hot news!;5FR63U
M2040;Make $30 Per Word With Typing;ledger
M1042;Mastering Bitcoin;
M1041;Cool news!;5L32DN
M2041;10 LEGIT APPs That Will Pay You Daily;darknodes
M1043;TapSwap Education. Part 1;J386XS
M2042;How To Make $12,000/month;lambo
M1044;From Bitcoin to Altcoins and Memecoins;
M1045;TapSwap Education. Part 2;
M2043;7 Laziest Ways to Make Money Online;replay
M1046;Crypto Security Upgraded;
M2044;Make $5,000+ with Pinterest;invest
M1047;Crypto Security Upgraded | Part 2;
M2045;Earn $100+ per Day in Telegram;curve
M1048;Revolutionizing Investments;
M2046;How To Spot 100X Altcoin;lachesis
M1049;Revolutionizing Investments | Part 2;
M2047;Start Your Business Under $100;liquid
M1050;Blockchain Speed Showdown 1;
M2048;10 Habits of Millionaires;mainnet
M1051;Blockchain Speed Showdown 2;
M2049;Make $755 While You Sleep;quorum
M1052;Staking in 2024;
M2050;10 Best Dropshipping Niches;perpetual
M1053;Key Steps to Safe Crypto Investments;
M2051;Sell Your Photos for $5 per One;scam
M1054;Key Steps to Safe Crypto Investments;
M2052;20 Best YouTube Niche;flashbots
M1055;Maximize Your Impact;
M2053;5 REAL Apps That Pay You To Walk;capital
M1056;Bitcoin to EU Citizenship;
M2054;10 Best Budgeting Apps;node
M1057;Stay Anonymous in Crypto;
M2055;15 Powerful Secrets to Get Rich;long
M1058;Boosting Ethereum's Speed and Efficiency;
M2056;Avoid This To Become Rich;libp2p
M1059;Boosting Ethereum's Speed and Efficiency | part 2;
M2057;Earn $300/Daily From Binance;jager
M1060;Crypto news! BlackRock CEO’s U-Turn on Bitcoin;
M2058;7 Best Cash Back Apps;gwei
M1061;The Role of Market Cap in Crypto Investments;
M2059;Make Money Playing Video Games;monopoly
M1062;Crypto news! TON allows you to own Camaro;
M2060;$50 Per Survey + Instant Payment!;dumping
M1063;What is doxing?;
M2061;High Paying Micro Task Websites;cpustody
M1065;What is doxing? Part 2;
M2062;Make Your First $100,000;moon
M1064;Stable crypto news;
M2063;Travel and Earn Money!;bag
M1066;Crypto Scams Exposed;
M2064;Passive Income;network
M1067;Crypto Scams Exposed | Part 2;
M2065;Earn $5,000 With Chat GPT!;newb
M1068;Don’t Get Hacked!;
M2066;Earn 500$ by Reviewing Products!;fakeout
M1069;Don’t Get Hacked! | Part 2;
M2067;Make REAL MONEY before 2025;money
M1070;Tappy Town Guide: Gems, Blocks, and Builders | part 1;
M2068;15 Time Management Tips;taint
M1071;Tappy Town Guide: Gems, Blocks, and Builders | part 2;
M2069;Reselling In 2024 (EASY $10,000);pair
M1072;Bitcoin’s Ride;
M2070;TapSwap UPDATE!;airnode
M1073;TOP 10 and more;
M2071;Make $10,000 In The TikTok!;payee
M1074;Crypto Pitfalls Part 1;
M2072;Top Free Finance Courses;protocol
M1075;Crypto Pitfalls Part 2;
M2073;Top Future Professions;scamcoin
M1076;Crypto Pitfalls Part 3;
M2074;Make Money On Social Media;dyor
M1077;Web3 Explained;
M2075;Phone-Based Side Hustles;liquidity
M1078;Web3 Explained | Part 2;
M2076;Earning with Affiliate Programs;peg
M1079;Web3 Explained | Part 3;
M2077;Monetize Your Blog!;phishing
M1080;Crypto news!;
M2078;Make Money Online!;
M1081;Crypto news! | Part 2;
M2079;How to Earn Free Bitcoin!;address
M1082;Crypto news! | Part 3;
M2080;Start Earning With Airbnb?;hacking
M1083;Crypto news! | Part 4;
M2081;Monetize Your Hobby;geth
M1084;10,000 BTC for 2 Pizzas! | Part 1;
M2082;Simple earning on Binance;rekt
M1085;10,000 BTC for 2 Pizzas! | Part 2;
M2083;Open Best Online Businesses!;roadmap
M1086;P2P Trading | Part 1;
M2084;Make $5000 in a Month on X;abstract
M1087;P2P Trading | Part 2;
M2085;Get Free Gifts Using Loyalty Programs;rebase
M1088;P2P Trading | Part 3;
M2086;Make Money From Instagram;account
M1089;Instant Crypto Swaps with TapSwap's New Feature SWAP — Backed by STON.fi 🔥;
M2087;I Asked Companies for FREE Stuff;affiliate
M1090;Top 10! Bitcoin Makes History;
M2088;Make Money with Your Car!;oversold
M1091;Maximize Your Crypto Strategy;
M2089;Millionaire-Making Crypto Exchanges!;honeypot
M1092;Maximize Your Crypto Strategy | Part 2;
M2090;Make $5000+ with Copy Trading on Bybit;gas
M1093;Crypto News ⚡ UEFA’s New Sponsor, Mt. Gox Update, & EzBtc Scandal;
M2091;Stay Out of Poverty!;validator
M1094;The Future of Blockchain Part 1;
M2092;Amazon Success!;vaporware
M1095;The Future of Blockchain Part 2;
M2093;Start a Profitable YouTube Channel!;virus
M1096;The Future of Blockchain Part 3;
M2094;Facebook Ads Tutorial;volatility
M1097;Curious Crypto Facts;
M2095;Famous Crypto Millionaires;volume
M1098;Is Facebook Overrun by Crypto Scams?;
M2096;Selling Your Art Online!;wei
M1099;Crypto Losses;
M2097;Get Paid to Playtest;wallet
M1100;Crypto’s Biggest Heists;
M2098;The Best Side Hustles Ideas!;regens
M1101;Curious Crypto Facts: 55,000 BTC on laptop;
M2099;Be Productive Working From Home;whale
M1102;How to Earn More with Bitcoin | Part 1;
M2100;Make $1000 Per Day!;whitelist
M1103;How to Earn More with Bitcoin | Part 2;
M2101;Make Big Money in Small Towns;whitepaper
M1104;Crypto News!;
M2104;Make Money As A Student;zkapps
M1105;Don’t Miss it, Crypto Holders!;
M2105;Work From Home!;zkoracle
M1106;Don’t Miss it, Crypto Holders! Part 2;
M2106;Secrets to Secure Business Funding;zksharding
M1107;Curious Crypto Facts;
M2107;Anyone Can Get Rich!;honeyminer
M1108;Curious Crypto Facts | Part 2;
M2108;Achieve Everything You Want;accrue
M1109;Why Bitcoin Was Created | Part 1;
M2109;Watch to Get Rich!;regulated
M1110;Why Bitcoin Was Created | Part 2;
M2110;Make Money Anywhere;restaking
M1111;Bitcoin Crash;
M2111;Save Your First $10,000;retargeting
M1112;Bitcoin’s Untouchable 50 Coins;
M2112;Online Business From $0;whitepaper
M1113;Bitcoin’s Untouchable 50 Coins | Part 2;
M2113;Amazon Success 2!;rust
M1114;Bitcoin’s Untouchable 50 Coins | Part 3;
M2114;Make Money on Weekends;scrypt
M1115;Illegal Bitcoin Mining, MEV Bot Attacks & FutureNet Fraud;
M2115;Telegram Wallet 2024;security
M1116;DAOs Explained: The End of Traditional Governance? Pros & Cons | Part 1;
M2116;$5,000 Month Flipping Items on eBay;settlement
M1117;DAOs Explained: The End of Traditional Governance? Pros & Cons | Part 2;
M2117;Make $3,000 per Month by Selling;shard
M1118;Bitcoin Mining Surge;
M2118;They changed our lives;tangle
M1119;DAO Communities and Membership 🔥;
M2119;How to Retire Early;taproot
M1120;DAO Communities and Membership 🚀;
M2120;10 Business Ideas for Digital Nomads;shilling
M1121;Maximize Your Crypto Profits | Part 1;
M2121;Earn $250 per Hour on Freelance;shitcoin
M1122;Maximize Your Crypto Profits | Part 2;
M2122;$16,000 per Month With An Online Agency;short
M1123;Smart Contracts Explained | Part 1;
M2123;Earn $5500 per Month on Text Writing;sidechain
M1124;Smart Contracts Explained | Part 2;
M2124;Earn $8,000 per Month with Online Courses;signal
M1125;Smart Contracts Explained | Part 3;
M2125;Top 10 Side Hustles for Busy Professionals;slashing
M1126;Solo Bitcoin Miner Hits;
M2126;Make $1,000 per A Day by Flipping Domains;slippage
M1127;How Else Can You Earn on Crypto? | Part 1;
M2127;Buy REAL ESTATE with ONLY $100;snapshot
M1128;How Else Can You Earn on Crypto? | Part 2;
M2128;Investing In Real Estate With No Money;spac
M1129;How Else Can You Earn on Crypto? | Part 3;
M2129;Start Your First Business;gems
M1130;Maximizing Returns: Bull Market Explained for Beginners 🚀;
M2130;Start a Successful Online Business;roi
M1131;Bitcoin Bull Market 2024: How to Spot the Next Price Surge;
M2131;Millionaire On a Low Salary;skynet
M1132;Listing, Tokens, Tapping & 🙊 Scams!;
M2132;5 Remote Jobs for Stay at Home;snapshot
M1133;News! Bitcoin: Outshines Gold in 2024!;
M2133;Earnings on Launchpad;unconfirmed
M1134;Bear Markets | Part 1;
M2134;7 High Paying Freelance Skills;accountability
M1135;Bear Markets | Part 2;
M2135;Make Money With Your Voice;acquisition
M1136;How a Couple Tried to Launder $4.5B in Bitcoin and Got Caught! Part 1;
M2136;10 Best Freelancing Platforms;spyware
M1137;How a Couple Tried to Launder $4.5B in Bitcoin and Got Caught! Part 2;
M2137;$100,000 by IT Professions With No Code;stablecoin
M1138;Mastercard’s Crypto Revolution, Travala Move into Web3, Crypto Mining at Work 🤯;
M2138;Invest As A Teenager;staking
M1139;Maximize the Crypto Journey with Gems, Blocks & SWAPs!;
M2139;10 Most Profitable Niches;stroop
M1140;Whale Moves in Toncoin!;
M2140;4 Business Ideas To Start With 0$;subnet
M1141;Toncoin Price Action;
M2141;Make People BUY FROM YOU;substrate
M1142;Bitcoin Faces Key Resistance | Part 1;
M2142;Earn $550 per A Day By Selling eBooks;supercomputer
M1143;Bitcoin Faces Key Resistance | Part 2;
M2143;10 AI Tools That Will Make You Rich;supercycle
M1144;Crypto Heist Shocker;
M2144;Websites That Will Pay You;swarm
M1145;Apple CEO Crypto Scam Exposed;
M2145;Lazy Ways to Make Money (2025);capitulation
M1146;Wrapped Tokens Explained | Part 1;
M2146;Make Money With Graphic Design;cash
M1147;Wrapped Tokens Explained | Part 2;
M2147;YouTube Gaming Channel;cashtoken
M1148;Wrapped Tokens Explained | Part 3;
M2148;Earn With Your Smartphone;censorship
M1149;Crypto Nodes Explained;
M2149;Make Money by Flipping Furniture;piece
M1150;Crypto Nodes Explained;
M2150;Make Money with Your Hobby;graduate
M1151;UK Crypto Bill;
M2151;Earn $10,000 per Month on Twitch;helpful
M1152;DEX vs. Centralized Exchanges;
M2152;TikTok in 2024;morning
M1153;Electro Vibes 2024;
M2153;Earn $5,000 With A Drone;tuesday
M1154;DEX Pros & Cons;
M2154;Digital Product Ideas;tommorow
M1155;How to Use a DEX;
M2155;Ways to Make Money on Fiverr;kinder
M1156;STONfi vs. DeDust;
M2156;Selling Your Music Online;neons
M1157;Uniswap & PancakeSwap Explained;
M2157;Secret Crypto Projects;proof
M1158;Market Analysis | Part 1;
M2158;Traffic Arbitrage;hashtag
M1159;Market Analysis | Part 2;
M2159;Lazy Ways to Make Money;routine
M1160;Hawaii’s Crypto Boom | Coinbase Wrapped Bitcoin | $170M Ethereum Bet Gone Wrong;
M2160;Make $100,000 with SOCIAL MEDIA |  Full Guide in 2024;hello
M1161;Crypto Bridges Explained | Part 1;
M2161;Trading FOREX;happy
M1162;Crypto Bridges Explained | Part 2;
M2162;100,000 Followers In 1 Month;amazing
M1163;Master Crypto Margin Trading | Part 1;
M2163;YouTube Shorts;heshday
M1164;Crypto Margin Trading | Part 2;
M2164;$1000/Day with ChatGPT;uzumy
M1165;Pros & Cons of Crypto Margin Trading | Part 3;
